{
  "image": "characters/Agoti Angry",
  "animations": [
    {
      "anim": "idle",
      "offsets": [
        0,
        -90
      ],
      "fps": 24
    },
    {
      "anim": "singRIGHT",
      "offsets": [
        -10,
        -86
      ],
      "fps": 24
    },
    {
      "anim": "singDOWN",
      "offsets": [
        45,
        -203
      ],
      "fps": 24
    },
    {
      "anim": "singLEFT",
      "offsets": [
        121,
        -130
      ],
      "fps": 24
    },
    {
      "anim": "singUP",
      "offsets": [
        80,
        30
      ],
      "fps": 24
    }
  ],
  "OPPSide": true,
  "adjusoff": [
    0,
    0
  ]
}