{
  "image": "characters/Mathena",
  "animations": [
    {
      "anim": "idle",
      "offsets": [
        0,
        0
      ],
      "fps": 24
    },
    {
      "anim": "singLEFT",
      "offsets": [
        84,
        16
      ],
      "fps": 24
    },
    {
      "anim": "singDOWN",
      "offsets": [
        25,
        3
      ],
      "fps": 24
    },
    {
      "anim": "singUP",
      "offsets": [
        -81,
        112
      ],
      "fps": 24
    },
    {
      "anim": "singRIGHT",
      "offsets": [
        -53,
        16
      ],
      "fps": 24
    }
  ],
  "sprite_type": "normal",
  "OPPSide": true,
  "adjusoff": [
    0,
    0
  ]
}