{
  "image": "fever/his fucking arm",
  "animations": [
    {
      "anim": "idle",
      "offsets": [
        1,
        -3
      ],
      "fps": 24
    },
    {
      "anim": "singDOWN",
      "offsets": [
        3,
        19
      ],
      "fps": 24
    },
    {
      "anim": "singRIGHT",
      "offsets": [
        4,
        19
      ],
      "fps": 24
    },
    {
      "anim": "singUP",
      "offsets": [
        73,
        99
      ],
      "fps": 24
    },
    {
      "anim": "singLEFT",
      "offsets": [
        124,
        16
      ],
      "fps": 24
    }
  ],
  "OPPSide": false,
  "adjusoff": [
    0,
    0
  ]
}