{
  "image": "fever_mad_glow",
  "animations": [
    {
      "anim": "singDOWN",
      "offsets": [
        -31,
        54
      ],
      "fps": 24
    },
    {
      "anim": "singUP",
      "offsets": [
        -40,
        130
      ],
      "fps": 24
    },
    {
      "anim": "idle",
      "offsets": [
        6,
        93
      ],
      "fps": 24
    },
    {
      "anim": "singRIGHT",
      "offsets": [
        -59,
        70
      ],
      "fps": 24
    },
    {
      "anim": "singLEFT",
      "offsets": [
        33,
        93
      ],
      "fps": 24
    }
  ],
  "OPPSide": false,
  "adjusoff": [
    0,
    0
  ]
}