{
  "image": "characters/Yuri_BLOODS",
  "animations": [
    {
      "anim": "idle",
      "offsets": [
        0,
        0
      ],
      "fps": 26
    },
    {
      "anim": "singUP",
      "offsets": [
        -4,
        0
      ],
      "fps": 26
    },
    {
      "anim": "singDOWN",
      "offsets": [
        46,
        0
      ],
      "fps": 26
    },
    {
      "anim": "singLEFT",
      "offsets": [
        86,
        0
      ],
      "fps": 26
    },
    {
      "anim": "singRIGHT",
      "offsets": [
        0,
        -1
      ],
      "fps": 26
    }
  ],
  "sprite_type": "normal",
  "OPPSide": false,
  "adjusoff": [
    0,
    0
  ]
}