{
  "image": "GF_assets",
  "animations": [
    {
      "anim": "singDOWN",
      "offsets": [
        0,
        -18
      ],
      "fps": 24
    },
    {
      "anim": "singUP",
      "offsets": [
        0,
        16
      ],
      "fps": 24
    },
    {
      "anim": "singRIGHT",
      "offsets": [
        0,
        -18
      ],
      "fps": 24
    },
    {
      "anim": "singLEFT",
      "offsets": [
        0,
        -21
      ],
      "fps": 24
    }
  ],
  "OPPSide": false,
  "adjusoff": [
    0,
    0
  ]
}