{
  "image": "characters/abomination",
  "animations": [
    {
      "anim": "idle",
      "offsets": [
        60,
        50
      ],
      "fps": 24
    },
    {
      "anim": "singLEFT",
      "offsets": [
        331,
        285
      ],
      "fps": 24
    },
    {
      "anim": "singDOWN",
      "offsets": [
        87,
        -109
      ],
      "fps": 24
    },
    {
      "anim": "singUP",
      "offsets": [
        829,
        312
      ],
      "fps": 24
    },
    {
      "anim": "singRIGHT",
      "offsets": [
        45,
        -38
      ],
      "fps": 24
    }
  ],
  "sprite_type": "normal",
  "OPPSide": true,
  "adjusoff": [
    0,
    0
  ]
}