{
  "image": "characters/DDLCBoyFriend_Assets",
  "animations": [
    {
      "anim": "idle",
      "offsets": [
        -5,
        0
      ],
      "fps": 24
    },
    {
      "anim": "singLEFT",
      "offsets": [
        -8,
        -6
      ],
      "fps": 24
    },
    {
      "anim": "singDOWN",
      "offsets": [
        -35,
        -52
      ],
      "fps": 24
    },
    {
      "anim": "singUP",
      "offsets": [
        -54,
        27
      ],
      "fps": 24
    },
    {
      "anim": "singRIGHT",
      "offsets": [
        -69,
        -5
      ],
      "fps": 24
    }
  ],
  "sprite_type": "normal",
  "OPPSide": false,
  "adjusoff": [
    0,
    0
  ]
}