{
  "image": "peakek/peasus",
  "animations": [
    {
      "anim": "idle",
      "offsets": [
        0,
        1
      ],
      "fps": 24
    },
    {
      "anim": "singDOWN",
      "offsets": [
        221.09671671341394,
        -61.930947274141836
      ],
      "fps": 24
    },
    {
      "anim": "singRIGHT",
      "offsets": [
        260.81161524500897,
        14.41283380865989
      ],
      "fps": 24
    },
    {
      "anim": "singUP",
      "offsets": [
        202.28864402385264,
        57.596033186414594
      ],
      "fps": 24
    },
    {
      "anim": "singLEFT",
      "offsets": [
        157.998262898626,
        21.816308011407894
      ],
      "fps": 24
    }
  ],
  "OPPSide": true,
  "adjusoff": [
    0,
    0
  ]
}