{
  "image": "characters/Yuri_Closet",
  "animations": [
    {
      "anim": "idle",
      "offsets": [
        0,
        -1
      ],
      "fps": 24
    },
    {
      "anim": "singRIGHT",
      "offsets": [
        0,
        -1
      ],
      "fps": 24
    },
    {
      "anim": "singUP",
      "offsets": [
        0,
        44
      ],
      "fps": 24
    },
    {
      "anim": "singDOWN",
      "offsets": [
        -1,
        -21
      ],
      "fps": 24
    },
    {
      "anim": "singLEFT",
      "offsets": [
        7,
        -1
      ],
      "fps": 24
    }
  ],
  "sprite_type": "normal",
  "OPPSide": false,
  "adjusoff": [
    0,
    0
  ]
}