{
  "image": "costumes/mongus",
  "animations": [
    {
      "anim": "singDOWN",
      "offsets": [
        33,
        76
      ],
      "fps": 24
    },
    {
      "anim": "singUP",
      "offsets": [
        -88,
        123
      ],
      "fps": 24
    },
    {
      "anim": "idle",
      "offsets": [
        6,
        93
      ],
      "fps": 24
    },
    {
      "anim": "singRIGHT",
      "offsets": [
        -66,
        93
      ],
      "fps": 24
    },
    {
      "anim": "singLEFT",
      "offsets": [
        40,
        96
      ],
      "fps": 24
    }
  ]
}