{
  "image": "feral_wee_assets",
  "animations": [
    {
      "anim": "idle",
      "offsets": [
        0,
        0
      ],
      "fps": 24
    },
    {
      "anim": "singRIGHT",
      "offsets": [
        11,
        -2
      ],
      "fps": 24
    },
    {
      "anim": "singDOWN",
      "offsets": [
        -7,
        1
      ],
      "fps": 24
    },
    {
      "anim": "singLEFT",
      "offsets": [
        24,
        -2
      ],
      "fps": 24
    },
    {
      "anim": "singUP",
      "offsets": [
        1,
        -3
      ],
      "fps": 24
    }
  ],
  "OPPSide": true,
  "adjusoff": [
    0,
    0
  ]
}