{
  "image": "taki_assets",
  "animations": [
    {
      "anim": "idle",
      "offsets": [
        0,
        0
      ],
      "fps": 24
    },
    {
      "anim": "singDOWN",
      "offsets": [
        -30,
        -210
      ],
      "fps": 24
    },
    {
      "anim": "singRIGHT",
      "offsets": [
        -21,
        -5
      ],
      "fps": 24
    },
    {
      "anim": "singUP",
      "offsets": [
        -80,
        17
      ],
      "fps": 24
    },
    {
      "anim": "singLEFT",
      "offsets": [
        38,
        -18
      ],
      "fps": 24
    }
  ],
  "OPPSide": true,
  "adjusoff": [
    0,
    0
  ]
}