{
  "image": "fever/tutorial_fevr",
  "animations": [
    {
      "anim": "singDOWN",
      "offsets": [
        6,
        75
      ],
      "fps": 24
    },
    {
      "anim": "singUP",
      "offsets": [
        -6,
        81
      ],
      "fps": 24
    },
    {
      "anim": "idle",
      "offsets": [
        6,
        93
      ],
      "fps": 24
    },
    {
      "anim": "singRIGHT",
      "offsets": [
        8,
        97
      ],
      "fps": 24
    },
    {
      "anim": "singLEFT",
      "offsets": [
        83,
        92
      ],
      "fps": 24
    }
  ]
}