{
  "image": "fever/fever_mad",
  "animations": [
    {
      "anim": "singDOWN",
      "offsets": [
        -24,
        42
      ],
      "fps": 24
    },
    {
      "anim": "singUP",
      "offsets": [
        -41,
        113
      ],
      "fps": 24
    },
    {
      "anim": "idle",
      "offsets": [
        6,
        93
      ],
      "fps": 24
    },
    {
      "anim": "singRIGHT",
      "offsets": [
        -59,
        70
      ],
      "fps": 24
    },
    {
      "anim": "singLEFT",
      "offsets": [
        32,
        83
      ],
      "fps": 24
    }
  ],
  "OPPSide": false,
  "adjusoff": [
    0,
    0
  ]
}