{
  "image": "costumes/mtale",
  "animations": [
    {
      "anim": "singDOWN",
      "offsets": [
        52,
        44
      ],
      "fps": 24
    },
    {
      "anim": "singUP",
      "offsets": [
        -13,
        128
      ],
      "fps": 24
    },
    {
      "anim": "idle",
      "offsets": [
        6,
        93
      ],
      "fps": 24
    },
    {
      "anim": "singRIGHT",
      "offsets": [
        -20,
        88
      ],
      "fps": 24
    },
    {
      "anim": "singLEFT",
      "offsets": [
        -3,
        93
      ],
      "fps": 24
    }
  ]
}