{
  "image": "fever_fall",
  "animations": [
    {
      "anim": "singDOWN",
      "offsets": [
        -7,
        -11
      ],
      "fps": 24
    },
    {
      "anim": "singUP",
      "offsets": [
        -10,
        7
      ],
      "fps": 24
    },
    {
      "anim": "idle",
      "offsets": [
        0,
        0
      ],
      "fps": 24
    },
    {
      "anim": "singRIGHT",
      "offsets": [
        -12,
        -1
      ],
      "fps": 24
    },
    {
      "anim": "singLEFT",
      "offsets": [
        -3,
        0
      ],
      "fps": 24
    }
  ]
}