{
  "image": "fever/demon_fever_assets_week4",
  "animations": [
    {
      "anim": "singDOWN",
      "offsets": [
        -19.335038363171368,
        94.50895140664964
      ],
      "fps": 24
    },
    {
      "anim": "singUP",
      "offsets": [
        90.60869565217388,
        93.65217391304347
      ],
      "fps": 24
    },
    {
      "anim": "idle",
      "offsets": [
        7,
        93
      ],
      "fps": 24
    },
    {
      "anim": "singRIGHT",
      "offsets": [
        18.70588235294115,
        94.88235294117645
      ],
      "fps": 24
    },
    {
      "anim": "singLEFT",
      "offsets": [
        7.084398976982116,
        91.52429667519183
      ],
      "fps": 24
    }
  ]
}