{
  "image": "characters/coralie-tired",
  "animations": [
    {
      "anim": "singLEFT",
      "offsets": [
        -9,
        -230
      ],
      "fps": 24
    },
    {
      "anim": "singDOWN",
      "offsets": [
        0,
        -233
      ],
      "fps": 24
    },
    {
      "anim": "singUP",
      "offsets": [
        -6,
        -230
      ],
      "fps": 24
    },
    {
      "anim": "singRIGHT",
      "offsets": [
        0,
        -219
      ],
      "fps": 24
    },
    {
      "anim": "idle",
      "offsets": [
        0,
        -208
      ],
      "fps": 24
    }
  ],
  "OPPSide": true,
  "adjusoff": [
    0,
    0
  ]
}