{
  "image": "costumes/bday",
  "animations": [
    {
      "anim": "singDOWN",
      "offsets": [
        148,
        16
      ],
      "fps": 24
    },
    {
      "anim": "singUP",
      "offsets": [
        -27,
        95
      ],
      "fps": 24
    },
    {
      "anim": "idle",
      "offsets": [
        6,
        93
      ],
      "fps": 24
    },
    {
      "anim": "singRIGHT",
      "offsets": [
        -49,
        92
      ],
      "fps": 24
    },
    {
      "anim": "singLEFT",
      "offsets": [
        51,
        92
      ],
      "fps": 24
    }
  ],
  "OPPSide": false,
  "adjusoff": [
    0,
    0
  ]
}