{
  "image": "characters/botan",
  "animations": [
    {
      "anim": "idle",
      "offsets": [
        893,
        272
      ],
      "fps": 24
    },
    {
      "anim": "singDOWN",
      "offsets": [
        1143,
        228
      ],
      "fps": 24
    },
    {
      "anim": "singUP",
      "offsets": [
        891,
        289
      ],
      "fps": 24
    },
    {
      "anim": "singRIGHT",
      "offsets": [
        885,
        264
      ],
      "fps": 24
    },
    {
      "anim": "singLEFT",
      "offsets": [
        932,
        262
      ],
      "fps": 24
    }
  ],
  "sprite_type": "normal",
  "OPPSide": false,
  "adjusoff": [
    0,
    0
  ]
}