{
  "image": "costumes/tanner",
  "animations": [
    {
      "anim": "singDOWN",
      "offsets": [
        8,
        16
      ],
      "fps": 24
    },
    {
      "anim": "singUP",
      "offsets": [
        -27,
        83
      ],
      "fps": 24
    },
    {
      "anim": "idle",
      "offsets": [
        6,
        93
      ],
      "fps": 24
    },
    {
      "anim": "singRIGHT",
      "offsets": [
        -19,
        92
      ],
      "fps": 24
    },
    {
      "anim": "singLEFT",
      "offsets": [
        40,
        91
      ],
      "fps": 24
    }
  ],
  "OPPSide": false,
  "adjusoff": [
    0,
    0
  ]
}