{
  "image": "fever/fever_mad",
  "animations": [
    {
      "anim": "singDOWN",
      "offsets": [
        4,
        22
      ],
      "fps": 24
    },
    {
      "anim": "singUP",
      "offsets": [
        51,
        -6
      ],
      "fps": 24
    },
    {
      "anim": "idle",
      "offsets": [
        -16,
        0
      ],
      "fps": 24
    },
    {
      "anim": "singRIGHT",
      "offsets": [
        -59,
        70
      ],
      "fps": 24
    },
    {
      "anim": "singLEFT",
      "offsets": [
        -42,
        2
      ],
      "fps": 24
    }
  ]
}