{
  "image": "robo_fall_cool",
  "animations": [
    {
      "anim": "singRIGHT",
      "offsets": [
        -11,
        0
      ],
      "fps": 24
    },
    {
      "anim": "singDOWN",
      "offsets": [
        8,
        -17
      ],
      "fps": 24
    },
    {
      "anim": "singLEFT",
      "offsets": [
        15,
        18
      ],
      "fps": 24
    },
    {
      "anim": "singUP",
      "offsets": [
        0,
        22
      ],
      "fps": 24
    }
  ]
}