{
  "image": "costumes/mcdietis",
  "animations": [
    {
      "anim": "singDOWN",
      "offsets": [
        8,
        8
      ],
      "fps": 24
    },
    {
      "anim": "singUP",
      "offsets": [
        -29,
        83
      ],
      "fps": 24
    },
    {
      "anim": "idle",
      "offsets": [
        6,
        93
      ],
      "fps": 24
    },
    {
      "anim": "singRIGHT",
      "offsets": [
        -26,
        95
      ],
      "fps": 24
    },
    {
      "anim": "singLEFT",
      "offsets": [
        42,
        91
      ],
      "fps": 24
    }
  ]
}