{
  "image": "characters/Doki_NatSad_Assets",
  "animations": [
    {
      "anim": "idle",
      "offsets": [
        0,
        0
      ],
      "fps": 24
    },
    {
      "anim": "singLEFT",
      "offsets": [
        60,
        22
      ],
      "fps": 24
    },
    {
      "anim": "singRIGHT",
      "offsets": [
        3,
        -24
      ],
      "fps": 24
    },
    {
      "anim": "singDOWN",
      "offsets": [
        55,
        -29
      ],
      "fps": 24
    },
    {
      "anim": "singUP",
      "offsets": [
        115,
        30
      ],
      "fps": 24
    }
  ],
  "sprite_type": "normal",
  "OPPSide": true,
  "adjusoff": [
    0,
    0
  ]
}