{
  "image": "costumes/soulsplit",
  "animations": [
    {
      "anim": "singDOWN",
      "offsets": [
        38,
        29
      ],
      "fps": 24
    },
    {
      "anim": "singUP",
      "offsets": [
        42,
        79
      ],
      "fps": 24
    },
    {
      "anim": "idle",
      "offsets": [
        6,
        93
      ],
      "fps": 24
    },
    {
      "anim": "singRIGHT",
      "offsets": [
        21,
        108
      ],
      "fps": 24
    },
    {
      "anim": "singLEFT",
      "offsets": [
        90,
        91
      ],
      "fps": 24
    }
  ],
  "OPPSide": false,
  "adjusoff": [
    0,
    0
  ]
}