{
  "image": "costumes/soulsplit",
  "animations": [
    {
      "anim": "singDOWN",
      "offsets": [
        -36.81749770519071,
        152.52206723358577
      ],
      "fps": 24
    },
    {
      "anim": "singUP",
      "offsets": [
        -25.747292817679373,
        95.94470115519864
      ],
      "fps": 24
    },
    {
      "anim": "idle",
      "offsets": [
        6,
        93
      ],
      "fps": 24
    },
    {
      "anim": "singRIGHT",
      "offsets": [
        -13.324399799095744,
        79.52944249121033
      ],
      "fps": 24
    },
    {
      "anim": "singLEFT",
      "offsets": [
        -112.44937217478633,
        93.68707182320463
      ],
      "fps": 24
    }
  ],
  "OPPSide": false,
  "adjusoff": [
    0,
    0
  ]
}