{
  "image": "costumes/soulsplit",
  "animations": [
    {
      "anim": "singDOWN",
      "offsets": [
        -40.5585635359116,
        25.004198895027827
      ],
      "fps": 24
    },
    {
      "anim": "singUP",
      "offsets": [
        -25.747292817679558,
        75.3265193370169
      ],
      "fps": 24
    },
    {
      "anim": "idle",
      "offsets": [
        6,
        93
      ],
      "fps": 24
    },
    {
      "anim": "singRIGHT",
      "offsets": [
        -20.197127071823154,
        100.14762430939183
      ],
      "fps": 24
    },
    {
      "anim": "singLEFT",
      "offsets": [
        -119.32209944751372,
        93.6870718232044
      ],
      "fps": 24
    }
  ],
  "OPPSide": false,
  "adjusoff": [
    0,
    0
  ]
}