{
  "image": "costumes/soulsplit",
  "animations": [
    {
      "anim": "singDOWN",
      "offsets": [
        -54.81749770519072,
        67.02206723358593
      ],
      "fps": 24
    },
    {
      "anim": "singUP",
      "offsets": [
        -26.64729281767946,
        9.544701155198755
      ],
      "fps": 24
    },
    {
      "anim": "idle",
      "offsets": [
        0,
        0
      ],
      "fps": 24
    },
    {
      "anim": "singRIGHT",
      "offsets": [
        -14.224399799095767,
        -14.070557508790206
      ],
      "fps": 24
    },
    {
      "anim": "singLEFT",
      "offsets": [
        -125.0493721747863,
        -8.012928176795493
      ],
      "fps": 24
    }
  ],
  "OPPSide": false,
  "adjusoff": [
    0,
    0
  ]
}