{
  "image": "costumes/soulsplit",
  "animations": [
    {
      "anim": "singDOWN",
      "offsets": [
        -42.21749770519082,
        22.922067233585928
      ],
      "fps": 24
    },
    {
      "anim": "singUP",
      "offsets": [
        -20.347292817679513,
        85.14470115519876
      ],
      "fps": 24
    },
    {
      "anim": "idle",
      "offsets": [
        6,
        93
      ],
      "fps": 24
    },
    {
      "anim": "singRIGHT",
      "offsets": [
        -7.924399799095716,
        111.92944249121011
      ],
      "fps": 24
    },
    {
      "anim": "singLEFT",
      "offsets": [
        -112.44937217478625,
        99.08707182320441
      ],
      "fps": 24
    }
  ],
  "OPPSide": false,
  "adjusoff": [
    0,
    0
  ]
}