{
  "image": "costumes/soulsplit",
  "animations": [
    {
      "anim": "singDOWN",
      "offsets": [
        -59.458563535911615,
        93.04419889502763
      ],
      "fps": 24
    },
    {
      "anim": "singUP",
      "offsets": [
        3.712707182320429,
        92.22651933701658
      ],
      "fps": 24
    },
    {
      "anim": "idle",
      "offsets": [
        6,
        93
      ],
      "fps": 24
    },
    {
      "anim": "singRIGHT",
      "offsets": [
        78.08287292817681,
        85.02762430939224
      ],
      "fps": 24
    },
    {
      "anim": "singLEFT",
      "offsets": [
        -68.02209944751382,
        86.12707182320442
      ],
      "fps": 24
    }
  ],
  "OPPSide": false,
  "adjusoff": [
    0,
    0
  ]
}