{
  "image": "characters/Mami Fate",
  "animations": [
    {
      "anim": "idle",
      "offsets": [
        -40,
        -220
      ],
      "fps": 24
    },
    {
      "anim": "singLEFT",
      "offsets": [
        90,
        -7
      ],
      "fps": 24
    },
    {
      "anim": "singDOWN",
      "offsets": [
        -21,
        -116
      ],
      "fps": 24
    },
    {
      "anim": "singUP",
      "offsets": [
        30,
        61
      ],
      "fps": 24
    },
    {
      "anim": "singRIGHT",
      "offsets": [
        0,
        26
      ],
      "fps": 24
    }
  ],
  "OPPSide": true,
  "adjusoff": [
    0,
    0
  ]
}