{
  "image": "characters/tweedles",
  "animations": [
    {
      "anim": "idle",
      "offsets": [
        0,
        10
      ],
      "fps": 24
    },
    {
      "anim": "singLEFT",
      "offsets": [
        90,
        -100
      ],
      "fps": 24
    },
    {
      "anim": "singDOWN",
      "offsets": [
        -300,
        -160
      ],
      "fps": 24
    },
    {
      "anim": "singUP",
      "offsets": [
        125,
        108
      ],
      "fps": 24
    },
    {
      "anim": "singRIGHT",
      "offsets": [
        -100,
        -14
      ],
      "fps": 24
    }
  ],
  "sprite_type": "normal",
  "OPPSide": true,
  "adjusoff": [
    0,
    0
  ]
}