{
  "image": "characters/Doki_Home_Nat_Assets",
  "animations": [
    {
      "anim": "singLEFT",
      "offsets": [
        142,
        24
      ],
      "fps": 24
    },
    {
      "anim": "singRIGHT",
      "offsets": [
        37,
        -22
      ],
      "fps": 24
    },
    {
      "anim": "singDOWN",
      "offsets": [
        -24,
        -34
      ],
      "fps": 24
    },
    {
      "anim": "singUP",
      "offsets": [
        60,
        61
      ],
      "fps": 24
    },
    {
      "anim": "idle",
      "offsets": [
        0,
        0
      ],
      "fps": 24
    }
  ],
  "sprite_type": "normal",
  "OPPSide": true,
  "adjusoff": [
    0,
    0
  ]
}