{
  "image": "fever/casual_demon",
  "animations": [
    {
      "anim": "singDOWN",
      "offsets": [
        -12.787723785166248,
        95.81585677749361
      ],
      "fps": 24
    },
    {
      "anim": "singUP",
      "offsets": [
        79.65217391304347,
        93.60869565217394
      ],
      "fps": 24
    },
    {
      "anim": "idle",
      "offsets": [
        6,
        93
      ],
      "fps": 24
    },
    {
      "anim": "singRIGHT",
      "offsets": [
        19.76982097186702,
        90.82864450127877
      ],
      "fps": 24
    },
    {
      "anim": "singLEFT",
      "offsets": [
        -5.879795396419457,
        92.52429667519182
      ],
      "fps": 24
    }
  ]
}