{
  "image": "fever/casual_demon",
  "animations": [
    {
      "anim": "singDOWN",
      "offsets": [
        24,
        8
      ],
      "fps": 24
    },
    {
      "anim": "singUP",
      "offsets": [
        -26,
        103
      ],
      "fps": 24
    },
    {
      "anim": "idle",
      "offsets": [
        6,
        93
      ],
      "fps": 24
    },
    {
      "anim": "singRIGHT",
      "offsets": [
        -6,
        92
      ],
      "fps": 24
    },
    {
      "anim": "singLEFT",
      "offsets": [
        59,
        96
      ],
      "fps": 24
    }
  ]
}