{
  "image": "fever/BDBFever",
  "animations": [
    {
      "anim": "singDOWN",
      "offsets": [
        0,
        0
      ],
      "fps": 24
    },
    {
      "anim": "singUP",
      "offsets": [
        0,
        0
      ],
      "fps": 24
    },
    {
      "anim": "idle",
      "offsets": [
        0,
        0
      ],
      "fps": 24
    },
    {
      "anim": "singRIGHT",
      "offsets": [
        0,
        0
      ],
      "fps": 24
    },
    {
      "anim": "singLEFT",
      "offsets": [
        0,
        0
      ],
      "fps": 24
    }
  ]
}