{
  "image": "characters/camellia_halloween",
  "animations": [
    {
      "anim": "idle",
      "offsets": [
        886,
        133
      ],
      "fps": 24
    },
    {
      "anim": "singLEFT",
      "offsets": [
        975,
        158
      ],
      "fps": 24
    },
    {
      "anim": "singDOWN",
      "offsets": [
        886,
        206
      ],
      "fps": 24
    },
    {
      "anim": "singUP",
      "offsets": [
        891,
        202
      ],
      "fps": 24
    },
    {
      "anim": "singRIGHT",
      "offsets": [
        886,
        112
      ],
      "fps": 24
    }
  ],
  "sprite_type": "normal",
  "OPPSide": true,
  "adjusoff": [
    0,
    0
  ]
}