{
  "image": "costumes/feveriso",
  "animations": [
    {
      "anim": "singDOWN",
      "offsets": [
        -13.0,
        104.0
      ],
      "fps": 24
    },
    {
      "anim": "singUP",
      "offsets": [
        33.17499999999999,
        108.18750000000001
      ],
      "fps": 24
    },
    {
      "anim": "idle",
      "offsets": [
        6,
        113
      ],
      "fps": 24
    },
    {
      "anim": "singRIGHT",
      "offsets": [
        66.69500000000001,
        130.58
      ],
      "fps": 24
    },
    {
      "anim": "singLEFT",
      "offsets": [
        -17.695000000000014,
        118.9975
      ],
      "fps": 24
    }
  ],
  "OPPSide": false,
  "adjusoff": [
    -13,
    113
  ]
}