{
  "image": "costumes/feveriso",
  "animations": [
    {
      "anim": "singDOWN",
      "offsets": [
        8,
        36
      ],
      "fps": 24
    },
    {
      "anim": "singUP",
      "offsets": [
        -27,
        103
      ],
      "fps": 24
    },
    {
      "anim": "idle",
      "offsets": [
        6,
        113
      ],
      "fps": 24
    },
    {
      "anim": "singRIGHT",
      "offsets": [
        -22,
        116
      ],
      "fps": 24
    },
    {
      "anim": "singLEFT",
      "offsets": [
        44,
        111
      ],
      "fps": 24
    }
  ]
}