{
  "image": "fever/nun",
  "animations": [
    {
      "anim": "singDOWN",
      "offsets": [
        15,
        52
      ],
      "fps": 24
    },
    {
      "anim": "singUP",
      "offsets": [
        -28,
        70
      ],
      "fps": 24
    },
    {
      "anim": "idle",
      "offsets": [
        6,
        93
      ],
      "fps": 24
    },
    {
      "anim": "singRIGHT",
      "offsets": [
        -20,
        59
      ],
      "fps": 24
    },
    {
      "anim": "singLEFT",
      "offsets": [
        43,
        70
      ],
      "fps": 24
    }
  ]
}