{
  "image": "characters/ether",
  "animations": [
    {
      "anim": "idle",
      "offsets": [
        171,
        208
      ],
      "fps": 22
    },
    {
      "anim": "singRIGHT",
      "offsets": [
        148,
        212
      ],
      "fps": 24
    },
    {
      "anim": "singDOWN",
      "offsets": [
        171,
        208
      ],
      "fps": 23
    },
    {
      "anim": "singLEFT",
      "offsets": [
        135,
        210
      ],
      "fps": 23
    },
    {
      "anim": "singUP",
      "offsets": [
        170,
        208
      ],
      "fps": 23
    }
  ],
  "sprite_type": "normal",
  "OPPSide": true,
  "adjusoff": [
    0,
    0
  ]
}