{
  "image": "characters/Mami_Mamigation",
  "animations": [
    {
      "anim": "singLEFT",
      "offsets": [
        -60,
        -99
      ],
      "fps": 24
    },
    {
      "anim": "singDOWN",
      "offsets": [
        -169,
        -152
      ],
      "fps": 24
    },
    {
      "anim": "singUP",
      "offsets": [
        -230,
        -130
      ],
      "fps": 24
    },
    {
      "anim": "singRIGHT",
      "offsets": [
        -230,
        -160
      ],
      "fps": 24
    },
    {
      "anim": "idle",
      "offsets": [
        -160,
        -110
      ],
      "fps": 24
    }
  ],
  "OPPSide": true,
  "adjusoff": [
    0,
    0
  ]
}