{
  "image": "fever/coat_fvr",
  "animations": [
    {
      "anim": "singDOWN",
      "offsets": [
        13,
        112
      ],
      "fps": 24
    },
    {
      "anim": "singUP",
      "offsets": [
        -25,
        97
      ],
      "fps": 24
    },
    {
      "anim": "idle",
      "offsets": [
        6,
        93
      ],
      "fps": 24
    },
    {
      "anim": "singRIGHT",
      "offsets": [
        -23,
        88
      ],
      "fps": 24
    },
    {
      "anim": "singLEFT",
      "offsets": [
        44,
        95
      ],
      "fps": 24
    }
  ]
}