{
  "image": "tea_bat",
  "animations": [
    {
      "anim": "idle",
      "offsets": [
        0,
        0
      ],
      "fps": 24
    },
    {
      "anim": "singDOWN",
      "offsets": [
        -8.854285714285698,
        42.562857142857155
      ],
      "fps": 24
    },
    {
      "anim": "singRIGHT",
      "offsets": [
        16.534285714285684,
        -6.715714285714283
      ],
      "fps": 24
    },
    {
      "anim": "singUP",
      "offsets": [
        -1.9999999999999865,
        33.29571428571428
      ],
      "fps": 24
    },
    {
      "anim": "singLEFT",
      "offsets": [
        -42.99,
        34.92
      ],
      "fps": 24
    }
  ]
}