{
  "image": "characters/HAPPYBoyFriend_Assets",
  "animations": [
    {
      "anim": "idle",
      "offsets": [
        -5,
        0
      ],
      "fps": 24
    },
    {
      "anim": "singLEFT",
      "offsets": [
        54,
        -6
      ],
      "fps": 24
    },
    {
      "anim": "singDOWN",
      "offsets": [
        14,
        -26
      ],
      "fps": 24
    },
    {
      "anim": "singUP",
      "offsets": [
        -12,
        40
      ],
      "fps": 24
    },
    {
      "anim": "singRIGHT",
      "offsets": [
        -49,
        13
      ],
      "fps": 24
    }
  ],
  "sprite_type": "normal",
  "OPPSide": false,
  "adjusoff": [
    0,
    0
  ]
}