{
  "image": "characters/goth",
  "animations": [
    {
      "anim": "idle",
      "offsets": [
        171,
        178
      ],
      "fps": 22
    },
    {
      "anim": "singRIGHT",
      "offsets": [
        140,
        163
      ],
      "fps": 24
    },
    {
      "anim": "singDOWN",
      "offsets": [
        182,
        178
      ],
      "fps": 23
    },
    {
      "anim": "singLEFT",
      "offsets": [
        76,
        169
      ],
      "fps": 23
    },
    {
      "anim": "singUP",
      "offsets": [
        186,
        186
      ],
      "fps": 23
    }
  ],
  "sprite_type": "normal",
  "OPPSide": true,
  "adjusoff": [
    0,
    0
  ]
}