{
  "image": "characters/Kalisa",
  "animations": [
    {
      "anim": "idle",
      "offsets": [
        0,
        0
      ],
      "fps": 24
    },
    {
      "anim": "singLEFT",
      "offsets": [
        -78,
        -33
      ],
      "fps": 24
    },
    {
      "anim": "singDOWN",
      "offsets": [
        -30,
        50
      ],
      "fps": 24
    },
    {
      "anim": "singUP",
      "offsets": [
        -168,
        40
      ],
      "fps": 24
    },
    {
      "anim": "singRIGHT",
      "offsets": [
        9,
        -4
      ],
      "fps": 24
    }
  ],
  "sprite_type": "normal",
  "OPPSide": true,
  "adjusoff": [
    0,
    0
  ]
}