{
  "image": "fever/casual_fever",
  "animations": [
    {
      "anim": "singDOWN",
      "offsets": [
        12,
        12
      ],
      "fps": 24
    },
    {
      "anim": "singUP",
      "offsets": [
        -26,
        95
      ],
      "fps": 24
    },
    {
      "anim": "idle",
      "offsets": [
        6,
        93
      ],
      "fps": 24
    },
    {
      "anim": "singRIGHT",
      "offsets": [
        -21,
        93
      ],
      "fps": 24
    },
    {
      "anim": "singLEFT",
      "offsets": [
        42,
        92
      ],
      "fps": 24
    }
  ]
}