{
  "image": "fever/casual_fever",
  "animations": [
    {
      "anim": "singDOWN",
      "offsets": [
        -14.0,
        79.0
      ],
      "fps": 24
    },
    {
      "anim": "singUP",
      "offsets": [
        31.953964194373388,
        84.46291560102301
      ],
      "fps": 24
    },
    {
      "anim": "idle",
      "offsets": [
        6,
        93
      ],
      "fps": 24
    },
    {
      "anim": "singRIGHT",
      "offsets": [
        60.12531969309461,
        105.48081841432224
      ],
      "fps": 24
    },
    {
      "anim": "singLEFT",
      "offsets": [
        -25.048593350383612,
        97.78005115089513
      ],
      "fps": 24
    }
  ]
}