{
  "image": "mako/Mako_Demon",
  "animations": [
    {
      "anim": "singDOWN",
      "offsets": [
        2,
        10
      ],
      "fps": 24
    },
    {
      "anim": "singRIGHT",
      "offsets": [
        8,
        4
      ],
      "fps": 24
    },
    {
      "anim": "singUP",
      "offsets": [
        -9,
        -5
      ],
      "fps": 24
    },
    {
      "anim": "singLEFT",
      "offsets": [
        7,
        3
      ],
      "fps": 24
    }
  ],
  "OPPSide": true,
  "adjusoff": [
    0,
    0
  ]
}