{
  "image": "costumes/minus_fever",
  "animations": [
    {
      "anim": "singDOWN",
      "offsets": [
        24,
        -20
      ],
      "fps": 24
    },
    {
      "anim": "singUP",
      "offsets": [
        53,
        112
      ],
      "fps": 24
    },
    {
      "anim": "idle",
      "offsets": [
        6,
        93
      ],
      "fps": 24
    },
    {
      "anim": "singRIGHT",
      "offsets": [
        15,
        91
      ],
      "fps": 24
    },
    {
      "anim": "singLEFT",
      "offsets": [
        132,
        31
      ],
      "fps": 24
    }
  ],
  "OPPSide": false,
  "adjusoff": [
    0,
    0
  ]
}