{
  "image": "fever/fever_rolldog",
  "animations": [
    {
      "anim": "singDOWN",
      "offsets": [
        -20,
        -11
      ],
      "fps": 24
    },
    {
      "anim": "singUP",
      "offsets": [
        -6,
        13
      ],
      "fps": 24
    },
    {
      "anim": "idle",
      "offsets": [
        -12,
        -1
      ],
      "fps": 24
    },
    {
      "anim": "singRIGHT",
      "offsets": [
        -22,
        1
      ],
      "fps": 24
    },
    {
      "anim": "singLEFT",
      "offsets": [
        -7,
        1
      ],
      "fps": 24
    }
  ],
  "OPPSide": false,
  "adjusoff": [
    0,
    0
  ]
}