{
  "image": "costumes/skelly",
  "animations": [
    {
      "anim": "singDOWN",
      "offsets": [
        -12,
        36
      ],
      "fps": 24
    },
    {
      "anim": "singUP",
      "offsets": [
        -9,
        93
      ],
      "fps": 24
    },
    {
      "anim": "idle",
      "offsets": [
        6,
        93
      ],
      "fps": 24
    },
    {
      "anim": "singRIGHT",
      "offsets": [
        -20,
        70
      ],
      "fps": 24
    },
    {
      "anim": "singLEFT",
      "offsets": [
        42,
        75
      ],
      "fps": 24
    }
  ]
}