{
  "image": "characters/GSU_assets",
  "animations": [
    {
      "anim": "idle",
      "offsets": [
        0,
        0
      ],
      "fps": 24
    },
    {
      "anim": "singLEFT",
      "offsets": [
        13,
        -4
      ],
      "fps": 24
    },
    {
      "anim": "singRIGHT",
      "offsets": [
        -9,
        -4
      ],
      "fps": 24
    },
    {
      "anim": "singDOWN",
      "offsets": [
        -3,
        -3
      ],
      "fps": 24
    },
    {
      "anim": "singUP",
      "offsets": [
        7,
        3
      ],
      "fps": 24
    }
  ],
  "sprite_type": "normal",
  "OPPSide": true,
  "adjusoff": [
    0,
    0
  ]
}