{
  "image": "characters/Doki_Crazy_Yuri_Assets",
  "animations": [
    {
      "anim": "idle",
      "offsets": [
        0,
        0
      ],
      "fps": 24
    },
    {
      "anim": "singLEFT",
      "offsets": [
        153,
        6
      ],
      "fps": 24
    },
    {
      "anim": "singRIGHT",
      "offsets": [
        -51,
        -14
      ],
      "fps": 24
    },
    {
      "anim": "singDOWN",
      "offsets": [
        -3,
        -40
      ],
      "fps": 24
    },
    {
      "anim": "singUP",
      "offsets": [
        55,
        60
      ],
      "fps": 24
    }
  ],
  "sprite_type": "normal",
  "OPPSide": true,
  "adjusoff": [
    0,
    0
  ]
}