{
  "image": "characters/realb",
  "animations": [
    {
      "anim": "idle",
      "offsets": [
        0,
        2
      ],
      "fps": 24
    },
    {
      "anim": "singLEFT",
      "offsets": [
        29,
        -34
      ],
      "fps": 24
    },
    {
      "anim": "singDOWN",
      "offsets": [
        -12,
        -103
      ],
      "fps": 24
    },
    {
      "anim": "singUP",
      "offsets": [
        -10,
        -3
      ],
      "fps": 24
    },
    {
      "anim": "singRIGHT",
      "offsets": [
        -62,
        -22
      ],
      "fps": 24
    }
  ],
  "sprite_type": "normal",
  "OPPSide": false,
  "adjusoff": [
    0,
    0
  ]
}