{
  "image": "Hallow",
  "animations": [
    {
      "anim": "idle",
      "offsets": [
        0,
        0
      ],
      "fps": 24
    },
    {
      "anim": "singRIGHT",
      "offsets": [
        -208,
        4
      ],
      "fps": 24
    },
    {
      "anim": "singDOWN",
      "offsets": [
        -179,
        -48
      ],
      "fps": 24
    },
    {
      "anim": "singLEFT",
      "offsets": [
        -8,
        20
      ],
      "fps": 24
    },
    {
      "anim": "singUP",
      "offsets": [
        -133,
        74
      ],
      "fps": 24
    }
  ],
  "OPPSide": true,
  "adjusoff": [
    0,
    0
  ]
}