{
  "image": "mako/Mako",
  "animations": [
    {
      "anim": "idle",
      "offsets": [
        0,
        0
      ],
      "fps": 24
    },
    {
      "anim": "singRIGHT",
      "offsets": [
        8,
        1
      ],
      "fps": 24
    },
    {
      "anim": "singDOWN",
      "offsets": [
        11,
        -17
      ],
      "fps": 24
    },
    {
      "anim": "singLEFT",
      "offsets": [
        77,
        72
      ],
      "fps": 24
    },
    {
      "anim": "singUP",
      "offsets": [
        18,
        24
      ],
      "fps": 24
    }
  ]
}