{
  "image": "characters/camellia-mid",
  "animations": [
    {
      "anim": "singLEFT",
      "offsets": [
        100,
        184
      ],
      "fps": 24
    },
    {
      "anim": "singDOWN",
      "offsets": [
        100,
        134
      ],
      "fps": 24
    },
    {
      "anim": "singUP",
      "offsets": [
        100,
        205
      ],
      "fps": 24
    },
    {
      "anim": "singRIGHT",
      "offsets": [
        100,
        174
      ],
      "fps": 24
    },
    {
      "anim": "idle",
      "offsets": [
        100,
        191
      ],
      "fps": 24
    }
  ],
  "sprite_type": "normal",
  "OPPSide": true,
  "adjusoff": [
    0,
    0
  ]
}