{
  "image": "yukichi/yukichiPixel",
  "animations": [
    {
      "anim": "idle",
      "offsets": [
        -90,
        -60
      ],
      "fps": 24
    },
    {
      "anim": "singDOWN",
      "offsets": [
        -142,
        -64
      ],
      "fps": 24
    },
    {
      "anim": "singLEFT",
      "offsets": [
        -64,
        -64
      ],
      "fps": 24
    },
    {
      "anim": "singUP",
      "offsets": [
        -86,
        -60
      ],
      "fps": 24
    },
    {
      "anim": "singRIGHT",
      "offsets": [
        -125,
        -64
      ],
      "fps": 24
    }
  ],
  "OPPSide": true,
  "adjusoff": [
    0,
    0
  ]
}