{
  "image": "characters/Doki_Sayo_Assets",
  "animations": [
    {
      "anim": "singLEFT",
      "offsets": [
        -32,
        -2
      ],
      "fps": 24
    },
    {
      "anim": "singRIGHT",
      "offsets": [
        -98,
        -8
      ],
      "fps": 24
    },
    {
      "anim": "singDOWN",
      "offsets": [
        -88,
        -44
      ],
      "fps": 24
    },
    {
      "anim": "idle",
      "offsets": [
        0,
        0
      ],
      "fps": 24
    },
    {
      "anim": "singUP",
      "offsets": [
        -51,
        73
      ],
      "fps": 24
    }
  ],
  "sprite_type": "normal",
  "OPPSide": true,
  "adjusoff": [
    0,
    0
  ]
}