{
  "image": "fever_mad_glow",
  "animations": [
    {
      "anim": "singDOWN",
      "offsets": [
        -3.0,
        -14.0
      ],
      "fps": 24
    },
    {
      "anim": "singUP",
      "offsets": [
        37.8761904761905,
        13.185714285714258
      ],
      "fps": 24
    },
    {
      "anim": "idle",
      "offsets": [
        -24.928571428571434,
        3.3071428571428694
      ],
      "fps": 24
    },
    {
      "anim": "singRIGHT",
      "offsets": [
        37.0,
        -56.17142857142857
      ],
      "fps": 24
    },
    {
      "anim": "singLEFT",
      "offsets": [
        -51.14761904761907,
        0.6428571428571281
      ],
      "fps": 24
    }
  ]
}