{
  "image": "characters/Kou_assets",
  "animations": [
    {
      "anim": "idle",
      "offsets": [
        0,
        0
      ],
      "fps": 24
    },
    {
      "anim": "singDOWN",
      "offsets": [
        3,
        -69
      ],
      "fps": 24
    },
    {
      "anim": "singUP",
      "offsets": [
        -2,
        4
      ],
      "fps": 24
    },
    {
      "anim": "singRIGHT",
      "offsets": [
        -63,
        -44
      ],
      "fps": 24
    },
    {
      "anim": "singLEFT",
      "offsets": [
        8,
        -5
      ],
      "fps": 24
    }
  ],
  "sprite_type": "normal",
  "OPPSide": true,
  "adjusoff": [
    0,
    0
  ]
}