{
  "image": "taki/taki",
  "animations": [
    {
      "anim": "idle",
      "offsets": [
        0,
        0
      ],
      "fps": 24
    },
    {
      "anim": "singRIGHT",
      "offsets": [
        -306,
        -30
      ],
      "fps": 24
    },
    {
      "anim": "singDOWN",
      "offsets": [
        82,
        -113
      ],
      "fps": 24
    },
    {
      "anim": "singUP",
      "offsets": [
        -117,
        79
      ],
      "fps": 24
    },
    {
      "anim": "singLEFT",
      "offsets": [
        143,
        -22
      ],
      "fps": 24
    }
  ],
  "OPPSide": true,
  "adjusoff": [
    0,
    0
  ]
}