{
  "image": "characters/Kastimagina",
  "animations": [
    {
      "anim": "singLEFT",
      "offsets": [
        80,
        10
      ],
      "fps": 24
    },
    {
      "anim": "singUP",
      "offsets": [
        39,
        12
      ],
      "fps": 24
    },
    {
      "anim": "singRIGHT",
      "offsets": [
        -53,
        6
      ],
      "fps": 24
    },
    {
      "anim": "singDOWN",
      "offsets": [
        0,
        -10
      ],
      "fps": 24
    }
  ],
  "sprite_type": "ALT",
  "OPPSide": true,
  "adjusoff": [
    0,
    0
  ]
}