{
  "image": "fever/car",
  "animations": [
    {
      "anim": "singDOWN",
      "offsets": [
        12,
        53
      ],
      "fps": 24
    },
    {
      "anim": "singUP",
      "offsets": [
        -5,
        106
      ],
      "fps": 24
    },
    {
      "anim": "idle",
      "offsets": [
        6,
        93
      ],
      "fps": 24
    },
    {
      "anim": "singRIGHT",
      "offsets": [
        -19,
        92
      ],
      "fps": 24
    },
    {
      "anim": "singLEFT",
      "offsets": [
        36,
        93
      ],
      "fps": 24
    }
  ]
}