{
  "image": "characters/Doki_Yuri_Assets",
  "animations": [
    {
      "anim": "idle",
      "offsets": [
        0,
        0
      ],
      "fps": 24
    },
    {
      "anim": "singLEFT",
      "offsets": [
        -4,
        -22
      ],
      "fps": 24
    },
    {
      "anim": "singRIGHT",
      "offsets": [
        16,
        1
      ],
      "fps": 24
    },
    {
      "anim": "singUP",
      "offsets": [
        23,
        24
      ],
      "fps": 24
    },
    {
      "anim": "singDOWN",
      "offsets": [
        -8,
        -21
      ],
      "fps": 24
    }
  ],
  "sprite_type": "normal",
  "OPPSide": true,
  "adjusoff": [
    0,
    0
  ]
}