{
  "image": "spooky_kids_assets",
  "animations": [
    {
      "anim": "singDOWN",
      "offsets": [
        -5,
        1
      ],
      "fps": 24
    },
    {
      "anim": "singRIGHT",
      "offsets": [
        1,
        -5
      ],
      "fps": 24
    },
    {
      "anim": "singLEFT",
      "offsets": [
        2,
        -2
      ],
      "fps": 24
    },
    {
      "anim": "singUP",
      "offsets": [
        76,
        9
      ],
      "fps": 24
    }
  ]
}