{
  "image": "peakek/peakek",
  "animations": [
    {
      "anim": "idle",
      "offsets": [
        0,
        0
      ],
      "fps": 24
    },
    {
      "anim": "singRIGHT",
      "offsets": [
        104.0,
        -17.0
      ],
      "fps": 24
    },
    {
      "anim": "singDOWN",
      "offsets": [
        62.0,
        -17.0
      ],
      "fps": 24
    },
    {
      "anim": "singLEFT",
      "offsets": [
        43.0,
        -17.0
      ],
      "fps": 24
    },
    {
      "anim": "singUP",
      "offsets": [
        60.0,
        -12.0
      ],
      "fps": 24
    }
  ],
  "OPPSide": true,
  "adjusoff": [
    0,
    0
  ]
}