{
  "image": "yukichi_leader_assets",
  "animations": [
    {
      "anim": "idle",
      "offsets": [
        0,
        0
      ],
      "fps": 24
    },
    {
      "anim": "singDOWN",
      "offsets": [
        -139,
        -62
      ],
      "fps": 24
    },
    {
      "anim": "singRIGHT",
      "offsets": [
        -54,
        -7
      ],
      "fps": 24
    },
    {
      "anim": "singUP",
      "offsets": [
        -27,
        17
      ],
      "fps": 24
    },
    {
      "anim": "singLEFT",
      "offsets": [
        47,
        4
      ],
      "fps": 24
    }
  ]
}