{
  "image": "demon_fever_assets",
  "animations": [
    {
      "anim": "singDOWN",
      "offsets": [
        -18.14833759590794,
        94.50895140664964
      ],
      "fps": 24
    },
    {
      "anim": "singUP",
      "offsets": [
        85.91304347826085,
        90.13043478260869
      ],
      "fps": 24
    },
    {
      "anim": "idle",
      "offsets": [
        7,
        93
      ],
      "fps": 24
    },
    {
      "anim": "singRIGHT",
      "offsets": [
        18.70588235294115,
        94.88235294117645
      ],
      "fps": 24
    },
    {
      "anim": "singLEFT",
      "offsets": [
        3.6086956521739313,
        93.84143222506395
      ],
      "fps": 24
    }
  ]
}