{
  "image": "demon_fever_assets",
  "animations": [
    {
      "anim": "singDOWN",
      "offsets": [
        40,
        15
      ],
      "fps": 24
    },
    {
      "anim": "singUP",
      "offsets": [
        -35,
        96
      ],
      "fps": 24
    },
    {
      "anim": "idle",
      "offsets": [
        7,
        93
      ],
      "fps": 24
    },
    {
      "anim": "singRIGHT",
      "offsets": [
        -6,
        89
      ],
      "fps": 24
    },
    {
      "anim": "singLEFT",
      "offsets": [
        43,
        95
      ],
      "fps": 24
    }
  ],
  "OPPSide": false,
  "adjusoff": [
    0,
    0
  ]
}