{
  "image": "mega/mega",
  "animations": [
    {
      "anim": "idle",
      "offsets": [
        0,
        0
      ],
      "fps": 24
    },
    {
      "anim": "singDOWN",
      "offsets": [
        1,
        2
      ],
      "fps": 24
    },
    {
      "anim": "singRIGHT",
      "offsets": [
        1,
        3
      ],
      "fps": 24
    },
    {
      "anim": "singUP",
      "offsets": [
        1,
        2
      ],
      "fps": 24
    },
    {
      "anim": "singLEFT",
      "offsets": [
        0,
        0
      ],
      "fps": 24
    }
  ],
  "OPPSide": false,
  "adjusoff": [
    0,
    0
  ]
}