{
  "image": "characters/POCOYO",
  "animations": [
    {
      "anim": "singDOWN",
      "offsets": [
        -101,
        56
      ],
      "fps": 24
    },
    {
      "anim": "singLEFT",
      "offsets": [
        -146,
        73
      ],
      "fps": 24
    },
    {
      "anim": "idle",
      "offsets": [
        -145,
        81
      ],
      "fps": 24
    },
    {
      "anim": "singRIGHT",
      "offsets": [
        -121,
        81
      ],
      "fps": 24
    },
    {
      "anim": "singUP",
      "offsets": [
        -156,
        101
      ],
      "fps": 24
    }
  ]
}