{
  "image": "characters/POCOYO",
  "animations": [
    {
      "anim": "singDOWN",
      "offsets": [
        -1,
        56
      ],
      "fps": 24
    },
    {
      "anim": "singLEFT",
      "offsets": [
        -46,
        73
      ],
      "fps": 24
    },
    {
      "anim": "idle",
      "offsets": [
        -45,
        81
      ],
      "fps": 24
    },
    {
      "anim": "singRIGHT",
      "offsets": [
        -21,
        81
      ],
      "fps": 24
    },
    {
      "anim": "singUP",
      "offsets": [
        -56,
        101
      ],
      "fps": 24
    }
  ]
}