{
  "image": "rolldog/rolldog",
  "animations": [
    {
      "anim": "singDOWN",
      "offsets": [
        -3,
        -7
      ],
      "fps": 24
    },
    {
      "anim": "singUP",
      "offsets": [
        -9,
        5
      ],
      "fps": 24
    },
    {
      "anim": "idle",
      "offsets": [
        0,
        0
      ],
      "fps": 24
    },
    {
      "anim": "singRIGHT",
      "offsets": [
        -15,
        0
      ],
      "fps": 24
    },
    {
      "anim": "singLEFT",
      "offsets": [
        2,
        -2
      ],
      "fps": 24
    }
  ]
}