{
  "image": "characters/Doki_Nat_Assets",
  "animations": [
    {
      "anim": "idle",
      "offsets": [
        0,
        0
      ],
      "fps": 24
    },
    {
      "anim": "singLEFT",
      "offsets": [
        -32,
        -21
      ],
      "fps": 24
    },
    {
      "anim": "singRIGHT",
      "offsets": [
        -45,
        14
      ],
      "fps": 24
    },
    {
      "anim": "singDOWN",
      "offsets": [
        38,
        -20
      ],
      "fps": 24
    },
    {
      "anim": "singUP",
      "offsets": [
        33,
        4
      ],
      "fps": 24
    }
  ],
  "sprite_type": "normal",
  "OPPSide": true,
  "adjusoff": [
    0,
    0
  ]
}