{
  "image": "robo-fever/flying",
  "animations": [
    {
      "anim": "singDOWN",
      "offsets": [
        3,
        2
      ],
      "fps": 24
    },
    {
      "anim": "singRIGHT",
      "offsets": [
        4,
        -3
      ],
      "fps": 24
    },
    {
      "anim": "singUP",
      "offsets": [
        3,
        -4
      ],
      "fps": 24
    },
    {
      "anim": "singLEFT",
      "offsets": [
        -1,
        2
      ],
      "fps": 24
    }
  ]
}