{
  "image": "costumes/teasar",
  "animations": [
    {
      "anim": "singDOWN",
      "offsets": [
        55,
        5
      ],
      "fps": 24
    },
    {
      "anim": "singUP",
      "offsets": [
        -11,
        102
      ],
      "fps": 24
    },
    {
      "anim": "idle",
      "offsets": [
        0,
        70
      ],
      "fps": 24
    },
    {
      "anim": "singRIGHT",
      "offsets": [
        -22,
        70
      ],
      "fps": 24
    },
    {
      "anim": "singLEFT",
      "offsets": [
        -50,
        119
      ],
      "fps": 24
    }
  ]
}