{
  "image": "fever/fever",
  "animations": [
    {
      "anim": "singDOWN",
      "offsets": [
        -26,
        36
      ],
      "fps": 24
    },
    {
      "anim": "singUP",
      "offsets": [
        27,
        0
      ],
      "fps": 24
    },
    {
      "anim": "idle",
      "offsets": [
        6,
        0
      ],
      "fps": 24
    },
    {
      "anim": "singRIGHT",
      "offsets": [
        59,
        0
      ],
      "fps": 24
    },
    {
      "anim": "singLEFT",
      "offsets": [
        -20,
        0
      ],
      "fps": 24
    }
  ]
}