{
  "image": "costumes/old",
  "animations": [
    {
      "anim": "singDOWN",
      "offsets": [
        1,
        -68
      ],
      "fps": 24
    },
    {
      "anim": "singUP",
      "offsets": [
        -24,
        13
      ],
      "fps": 24
    },
    {
      "anim": "idle",
      "offsets": [
        -5,
        0
      ],
      "fps": 24
    },
    {
      "anim": "singRIGHT",
      "offsets": [
        -30,
        -11
      ],
      "fps": 24
    },
    {
      "anim": "singLEFT",
      "offsets": [
        29,
        -4
      ],
      "fps": 24
    }
  ]
}