{
  "image": "costumes/CedarHD",
  "animations": [
    {
      "anim": "singDOWN",
      "offsets": [
        32,
        43
      ],
      "fps": 24
    },
    {
      "anim": "singUP",
      "offsets": [
        15,
        107
      ],
      "fps": 24
    },
    {
      "anim": "idle",
      "offsets": [
        6,
        93
      ],
      "fps": 24
    },
    {
      "anim": "singRIGHT",
      "offsets": [
        -20,
        102
      ],
      "fps": 24
    },
    {
      "anim": "singLEFT",
      "offsets": [
        93,
        78
      ],
      "fps": 24
    }
  ]
}