{
  "image": "characters/BOYFRIEND_halloween",
  "animations": [
    {
      "anim": "idle",
      "offsets": [
        -15,
        165
      ],
      "fps": 24
    },
    {
      "anim": "singLEFT",
      "offsets": [
        -5,
        151
      ],
      "fps": 24
    },
    {
      "anim": "singDOWN",
      "offsets": [
        -15,
        95
      ],
      "fps": 24
    },
    {
      "anim": "singUP",
      "offsets": [
        -54,
        181
      ],
      "fps": 24
    },
    {
      "anim": "singRIGHT",
      "offsets": [
        -61,
        161
      ],
      "fps": 24
    }
  ],
  "sprite_type": "normal",
  "OPPSide": false,
  "adjusoff": [
    0,
    0
  ]
}