{
  "image": "costumes/flu",
  "animations": [
    {
      "anim": "singDOWN",
      "offsets": [
        9,
        24
      ],
      "fps": 24
    },
    {
      "anim": "singUP",
      "offsets": [
        -28,
        84
      ],
      "fps": 24
    },
    {
      "anim": "idle",
      "offsets": [
        6,
        93
      ],
      "fps": 24
    },
    {
      "anim": "singRIGHT",
      "offsets": [
        -21,
        95
      ],
      "fps": 24
    },
    {
      "anim": "singLEFT",
      "offsets": [
        42,
        91
      ],
      "fps": 24
    }
  ],
  "OPPSide": false,
  "adjusoff": [
    0,
    0
  ]
}