{
  "image": "peakek/peasus",
  "animations": [
    {
      "anim": "idle",
      "offsets": [
        0,
        1
      ],
      "fps": 24
    },
    {
      "anim": "singDOWN",
      "offsets": [
        -16.19419237749545,
        -6.693284936479123
      ],
      "fps": 24
    },
    {
      "anim": "singRIGHT",
      "offsets": [
        4.611615245009051,
        -10.201451905626138
      ],
      "fps": 24
    },
    {
      "anim": "singUP",
      "offsets": [
        -1.0399274047187097,
        8.753176043557179
      ],
      "fps": 24
    },
    {
      "anim": "singLEFT",
      "offsets": [
        29.66969147005444,
        7.4591651542649755
      ],
      "fps": 24
    }
  ],
  "OPPSide": true,
  "adjusoff": [
    0,
    0
  ]
}