{
  "image": "peakek/peasus",
  "animations": [
    {
      "anim": "idle",
      "offsets": [
        0,
        1
      ],
      "fps": 24
    },
    {
      "anim": "singDOWN",
      "offsets": [
        228.9681452848425,
        56.14048129728673
      ],
      "fps": 24
    },
    {
      "anim": "singRIGHT",
      "offsets": [
        237.19732953072327,
        -9.201451905625824
      ],
      "fps": 24
    },
    {
      "anim": "singUP",
      "offsets": [
        202.28864402385264,
        -60.47539538501398
      ],
      "fps": 24
    },
    {
      "anim": "singLEFT",
      "offsets": [
        157.998262898626,
        -17.540834845734963
      ],
      "fps": 24
    }
  ],
  "OPPSide": false,
  "adjusoff": [
    0,
    0
  ]
}