{
  "image": "peakek/peasus",
  "animations": [
    {
      "anim": "idle",
      "offsets": [
        0,
        1
      ],
      "fps": 24
    },
    {
      "anim": "singDOWN",
      "offsets": [
        -211,
        -46
      ],
      "fps": 24
    },
    {
      "anim": "singRIGHT",
      "offsets": [
        -181,
        13
      ],
      "fps": 24
    },
    {
      "anim": "singUP",
      "offsets": [
        -155,
        49
      ],
      "fps": 24
    },
    {
      "anim": "singLEFT",
      "offsets": [
        -152,
        10
      ],
      "fps": 24
    }
  ],
  "OPPSide": true,
  "adjusoff": [
    0,
    0
  ]
}