{
  "image": "peakek/peasus",
  "animations": [
    {
      "anim": "idle",
      "offsets": [
        0,
        1
      ],
      "fps": 24
    },
    {
      "anim": "singDOWN",
      "offsets": [
        60.805807622504574,
        -9.693284936479131
      ],
      "fps": 24
    },
    {
      "anim": "singRIGHT",
      "offsets": [
        150.61161524500903,
        -9.20145190562613
      ],
      "fps": 24
    },
    {
      "anim": "singUP",
      "offsets": [
        99.9600725952813,
        -13.246823956442825
      ],
      "fps": 24
    },
    {
      "anim": "singLEFT",
      "offsets": [
        55.66969147005443,
        -17.54083484573505
      ],
      "fps": 24
    }
  ],
  "OPPSide": false,
  "adjusoff": [
    0,
    0
  ]
}