{
  "image": "characters/bf_old",
  "animations": [
    {
      "anim": "idle",
      "offsets": [
        0,
        0
      ],
      "fps": 40
    },
    {
      "anim": "singLEFT",
      "offsets": [
        110,
        -10
      ],
      "fps": 48
    },
    {
      "anim": "singDOWN",
      "offsets": [
        0,
        0
      ],
      "fps": 48
    },
    {
      "anim": "singUP",
      "offsets": [
        -70,
        10
      ],
      "fps": 48
    },
    {
      "anim": "singRIGHT",
      "offsets": [
        0,
        0
      ],
      "fps": 48
    }
  ],
  "sprite_type": "normal",
  "OPPSide": false,
  "adjusoff": [
    0,
    0
  ]
}