{
  "image": "characters/AGOTI",
  "animations": [
    {
      "anim": "singDOWN",
      "offsets": [
        65,
        -53
      ],
      "fps": 24
    },
    {
      "anim": "idle",
      "offsets": [
        0,
        120
      ],
      "fps": 24
    },
    {
      "anim": "singLEFT",
      "offsets": [
        261,
        140
      ],
      "fps": 24
    },
    {
      "anim": "singRIGHT",
      "offsets": [
        80,
        81
      ],
      "fps": 24
    },
    {
      "anim": "singUP",
      "offsets": [
        50,
        190
      ],
      "fps": 24
    }
  ],
  "OPPSide": true,
  "adjusoff": [
    0,
    0
  ]
}