{
  "image": "pepper/freeplay",
  "animations": [
    {
      "anim": "singDOWN",
      "offsets": [
        -4,
        -5
      ],
      "fps": 24
    },
    {
      "anim": "singUP",
      "offsets": [
        3,
        15
      ],
      "fps": 24
    },
    {
      "anim": "idle",
      "offsets": [
        0,
        0
      ],
      "fps": 24
    },
    {
      "anim": "singRIGHT",
      "offsets": [
        -14,
        0
      ],
      "fps": 24
    },
    {
      "anim": "singLEFT",
      "offsets": [
        13,
        -2
      ],
      "fps": 24
    }
  ]
}