{
  "image": "characters/tzenbf",
  "animations": [
    {
      "anim": "idle",
      "offsets": [
        -5,
        0
      ],
      "fps": 24
    },
    {
      "anim": "singLEFT",
      "offsets": [
        3,
        -6
      ],
      "fps": 24
    },
    {
      "anim": "singDOWN",
      "offsets": [
        -26,
        -48
      ],
      "fps": 24
    },
    {
      "anim": "singUP",
      "offsets": [
        -44,
        29
      ],
      "fps": 24
    },
    {
      "anim": "singRIGHT",
      "offsets": [
        -48,
        -5
      ],
      "fps": 24
    }
  ],
  "sprite_type": "normal",
  "OPPSide": false,
  "adjusoff": [
    0,
    0
  ]
}