{
  "image": "robo_fall",
  "animations": [
    {
      "anim": "idle",
      "offsets": [
        0,
        20
      ],
      "fps": 24
    },
    {
      "anim": "singDOWN",
      "offsets": [
        6,
        17
      ],
      "fps": 24
    },
    {
      "anim": "singRIGHT",
      "offsets": [
        -13,
        8
      ],
      "fps": 24
    },
    {
      "anim": "singUP",
      "offsets": [
        0,
        20
      ],
      "fps": 24
    },
    {
      "anim": "singLEFT",
      "offsets": [
        8,
        48
      ],
      "fps": 24
    }
  ],
  "OPPSide": true,
  "adjusoff": [
    0,
    0
  ]
}