{
  "image": "costumes/ceabun",
  "animations": [
    {
      "anim": "singDOWN",
      "offsets": [
        41,
        86
      ],
      "fps": 24
    },
    {
      "anim": "singUP",
      "offsets": [
        9,
        102
      ],
      "fps": 24
    },
    {
      "anim": "idle",
      "offsets": [
        6,
        93
      ],
      "fps": 24
    },
    {
      "anim": "singRIGHT",
      "offsets": [
        -9,
        104
      ],
      "fps": 24
    },
    {
      "anim": "singLEFT",
      "offsets": [
        95,
        97
      ],
      "fps": 24
    }
  ],
  "OPPSide": false,
  "adjusoff": [
    0,
    0
  ]
}