{
  "image": "fever/freeplay",
  "animations": [
    {
      "anim": "idle",
      "offsets": [
        0,
        0
      ],
      "fps": 24
    },
    {
      "anim": "singDOWN",
      "offsets": [
        4,
        -5
      ],
      "fps": 24
    },
    {
      "anim": "singRIGHT",
      "offsets": [
        -4,
        2
      ],
      "fps": 24
    },
    {
      "anim": "singUP",
      "offsets": [
        -13,
        4
      ],
      "fps": 24
    },
    {
      "anim": "singLEFT",
      "offsets": [
        -1,
        -7
      ],
      "fps": 24
    }
  ],
  "OPPSide": false,
  "adjusoff": [
    0,
    0
  ]
}