{
  "image": "scarlet/Scarlet_Freeplay",
  "animations": [
    {
      "anim": "idle",
      "offsets": [
        0,
        0
      ],
      "fps": 24
    },
    {
      "anim": "singRIGHT",
      "offsets": [
        2,
        -41
      ],
      "fps": 24
    },
    {
      "anim": "singDOWN",
      "offsets": [
        9,
        -15
      ],
      "fps": 24
    },
    {
      "anim": "singLEFT",
      "offsets": [
        36,
        -8
      ],
      "fps": 24
    },
    {
      "anim": "singUP",
      "offsets": [
        -4,
        17
      ],
      "fps": 24
    }
  ]
}