{
  "image": "peakek/peakek",
  "animations": [
    {
      "anim": "idle",
      "offsets": [
        0,
        0
      ],
      "fps": 24
    },
    {
      "anim": "singRIGHT",
      "offsets": [
        -181,
        -2
      ],
      "fps": 24
    },
    {
      "anim": "singDOWN",
      "offsets": [
        -201,
        -90
      ],
      "fps": 24
    },
    {
      "anim": "singLEFT",
      "offsets": [
        -21,
        18
      ],
      "fps": 24
    },
    {
      "anim": "singUP",
      "offsets": [
        -131,
        65
      ],
      "fps": 24
    }
  ],
  "OPPSide": true,
  "adjusoff": [
    0,
    0
  ]
}