{
  "image": "pepp",
  "animations": [
    {
      "anim": "idle",
      "offsets": [
        0,
        -30
      ],
      "fps": 24
    },
    {
      "anim": "singDOWN",
      "offsets": [
        -65,
        -62
      ],
      "fps": 24
    },
    {
      "anim": "singRIGHT",
      "offsets": [
        -23,
        -18
      ],
      "fps": 24
    },
    {
      "anim": "singUP",
      "offsets": [
        -28,
        -14
      ],
      "fps": 24
    },
    {
      "anim": "singLEFT",
      "offsets": [
        -13,
        -40
      ],
      "fps": 24
    }
  ]
}