{
  "image": "characters/vane",
  "animations": [
    {
      "anim": "idle",
      "offsets": [
        171,
        228
      ],
      "fps": 22
    },
    {
      "anim": "singRIGHT",
      "offsets": [
        172,
        227
      ],
      "fps": 24
    },
    {
      "anim": "singDOWN",
      "offsets": [
        133,
        231
      ],
      "fps": 23
    },
    {
      "anim": "singLEFT",
      "offsets": [
        173,
        231
      ],
      "fps": 23
    },
    {
      "anim": "singUP",
      "offsets": [
        174,
        207
      ],
      "fps": 23
    }
  ],
  "sprite_type": "normal",
  "OPPSide": true,
  "adjusoff": [
    0,
    0
  ]
}