{
  "image": "characters/purbf",
  "animations": [
    {
      "anim": "idle",
      "offsets": [
        -5,
        0
      ],
      "fps": 24
    },
    {
      "anim": "singDOWN",
      "offsets": [
        -20,
        -51
      ],
      "fps": 24
    },
    {
      "anim": "singUP",
      "offsets": [
        -46,
        27
      ],
      "fps": 24
    },
    {
      "anim": "singRIGHT",
      "offsets": [
        -48,
        -7
      ],
      "fps": 24
    },
    {
      "anim": "singLEFT",
      "offsets": [
        5,
        -6
      ],
      "fps": 24
    }
  ],
  "sprite_type": "normal",
  "OPPSide": false,
  "adjusoff": [
    0,
    0
  ]
}