{
  "image": "paste/pasteMad",
  "animations": [
    {
      "anim": "idle",
      "offsets": [
        0,
        0
      ],
      "fps": 24
    },
    {
      "anim": "singRIGHT",
      "offsets": [
        -100,
        -24
      ],
      "fps": 24
    },
    {
      "anim": "singDOWN",
      "offsets": [
        -296,
        -318
      ],
      "fps": 24
    },
    {
      "anim": "singLEFT",
      "offsets": [
        -198,
        50
      ],
      "fps": 24
    },
    {
      "anim": "singUP",
      "offsets": [
        -146,
        229
      ],
      "fps": 24
    }
  ]
}