{
  "image": "momCarNIGHT",
  "animations": [
    {
      "anim": "idle",
      "offsets": [
        0,
        0
      ],
      "fps": 24
    },
    {
      "anim": "singDOWN",
      "offsets": [
        -20,
        -193
      ],
      "fps": 24
    },
    {
      "anim": "singUP",
      "offsets": [
        -28,
        37
      ],
      "fps": 24
    },
    {
      "anim": "singLEFT",
      "offsets": [
        92,
        8
      ],
      "fps": 24
    }
  ]
}