{
  "image": "costumes/doodle",
  "animations": [
    {
      "anim": "singDOWN",
      "offsets": [
        24,
        165
      ],
      "fps": 24
    },
    {
      "anim": "singUP",
      "offsets": [
        41,
        109
      ],
      "fps": 24
    },
    {
      "anim": "idle",
      "offsets": [
        6,
        93
      ],
      "fps": 24
    },
    {
      "anim": "singRIGHT",
      "offsets": [
        15,
        87
      ],
      "fps": 24
    },
    {
      "anim": "singLEFT",
      "offsets": [
        65,
        88
      ],
      "fps": 24
    }
  ]
}