{
  "image": "characters/Mami_New",
  "animations": [
    {
      "anim": "idle",
      "offsets": [
        0,
        0
      ],
      "fps": 24
    },
    {
      "anim": "singLEFT",
      "offsets": [
        240,
        -11
      ],
      "fps": 24
    },
    {
      "anim": "singDOWN",
      "offsets": [
        -7,
        -70
      ],
      "fps": 24
    },
    {
      "anim": "singUP",
      "offsets": [
        17,
        53
      ],
      "fps": 24
    },
    {
      "anim": "singRIGHT",
      "offsets": [
        -122,
        -52
      ],
      "fps": 24
    }
  ],
  "OPPSide": true,
  "adjusoff": [
    0,
    0
  ]
}