{
  "image": "characters/HOLY_MAMI_V2",
  "animations": [
    {
      "anim": "idle",
      "offsets": [
        0,
        0
      ],
      "fps": 24
    },
    {
      "anim": "singLEFT",
      "offsets": [
        96,
        -36
      ],
      "fps": 24
    },
    {
      "anim": "singRIGHT",
      "offsets": [
        128,
        -49
      ],
      "fps": 24
    },
    {
      "anim": "singDOWN",
      "offsets": [
        113,
        -42
      ],
      "fps": 24
    },
    {
      "anim": "singUP",
      "offsets": [
        143,
        40
      ],
      "fps": 24
    }
  ],
  "OPPSide": true,
  "adjusoff": [
    0,
    0
  ]
}