{
  "image": "m_robo",
  "animations": [
    {
      "anim": "idle",
      "offsets": [
        0,
        0
      ],
      "fps": 24
    },
    {
      "anim": "singDOWN",
      "offsets": [
        -29,
        -119
      ],
      "fps": 24
    },
    {
      "anim": "singRIGHT",
      "offsets": [
        -42,
        -37
      ],
      "fps": 24
    },
    {
      "anim": "singUP",
      "offsets": [
        -86,
        35
      ],
      "fps": 24
    },
    {
      "anim": "singLEFT",
      "offsets": [
        -6,
        -6
      ],
      "fps": 24
    }
  ],
  "OPPSide": true,
  "adjusoff": [
    0,
    0
  ]
}