{
  "image": "characters/otheralice",
  "animations": [
    {
      "anim": "idle",
      "offsets": [
        0,
        -1
      ],
      "fps": 24
    },
    {
      "anim": "singDOWN",
      "offsets": [
        -166,
        -143
      ],
      "fps": 24
    },
    {
      "anim": "singUP",
      "offsets": [
        -230,
        -85
      ],
      "fps": 24
    },
    {
      "anim": "singRIGHT",
      "offsets": [
        -187,
        -102
      ],
      "fps": 24
    },
    {
      "anim": "singLEFT",
      "offsets": [
        -178,
        -89
      ],
      "fps": 24
    }
  ],
  "sprite_type": "ALT",
  "OPPSide": false,
  "adjusoff": [
    0,
    0
  ]
}