{
  "image": "mtaki_assets",
  "animations": [
    {
      "anim": "idle",
      "offsets": [
        0,
        0
      ],
      "fps": 24
    },
    {
      "anim": "singDOWN",
      "offsets": [
        311,
        -172
      ],
      "fps": 24
    },
    {
      "anim": "singRIGHT",
      "offsets": [
        -16,
        -145
      ],
      "fps": 24
    },
    {
      "anim": "singUP",
      "offsets": [
        146,
        -76
      ],
      "fps": 24
    },
    {
      "anim": "singLEFT",
      "offsets": [
        193,
        -438
      ],
      "fps": 24
    }
  ],
  "OPPSide": true,
  "adjusoff": [
    0,
    0
  ]
}