{
  "image": "fever/fever_week4",
  "animations": [
    {
      "anim": "singDOWN",
      "offsets": [
        -16,
        -36
      ],
      "fps": 24
    },
    {
      "anim": "singUP",
      "offsets": [
        28,
        0
      ],
      "fps": 24
    },
    {
      "anim": "idle",
      "offsets": [
        6,
        0
      ],
      "fps": 24
    },
    {
      "anim": "singRIGHT",
      "offsets": [
        59,
        0
      ],
      "fps": 24
    },
    {
      "anim": "singLEFT",
      "offsets": [
        -30,
        0
      ],
      "fps": 24
    }
  ]
}