{
  "image": "characters/camellia-alt",
  "animations": [
    {
      "anim": "idle",
      "offsets": [
        887,
        114
      ],
      "fps": 24
    },
    {
      "anim": "singLEFT",
      "offsets": [
        976,
        132
      ],
      "fps": 24
    },
    {
      "anim": "singDOWN",
      "offsets": [
        886,
        201
      ],
      "fps": 24
    },
    {
      "anim": "singUP",
      "offsets": [
        891,
        197
      ],
      "fps": 24
    },
    {
      "anim": "singRIGHT",
      "offsets": [
        887,
        111
      ],
      "fps": 24
    }
  ],
  "sprite_type": "normal",
  "OPPSide": true,
  "adjusoff": [
    0,
    0
  ]
}