{
  "image": "fever/flying",
  "animations": [
    {
      "anim": "singDOWN",
      "offsets": [
        13,
        -4
      ],
      "fps": 24
    },
    {
      "anim": "singUP",
      "offsets": [
        31,
        33
      ],
      "fps": 24
    },
    {
      "anim": "idle",
      "offsets": [
        6,
        93
      ],
      "fps": 24
    },
    {
      "anim": "singRIGHT",
      "offsets": [
        -19,
        33
      ],
      "fps": 24
    },
    {
      "anim": "singLEFT",
      "offsets": [
        0,
        27
      ],
      "fps": 24
    }
  ],
  "OPPSide": false,
  "adjusoff": [
    0,
    0
  ]
}