{
  "image": "characters/camellia-sing",
  "animations": [
    {
      "anim": "idle",
      "offsets": [
        887,
        114
      ],
      "fps": 24
    },
    {
      "anim": "singDOWN",
      "offsets": [
        886,
        201
      ],
      "fps": 24
    },
    {
      "anim": "singUP",
      "offsets": [
        956,
        365
      ],
      "fps": 24
    },
    {
      "anim": "singRIGHT",
      "offsets": [
        886,
        100
      ],
      "fps": 24
    },
    {
      "anim": "singLEFT",
      "offsets": [
        977,
        134
      ],
      "fps": 24
    }
  ],
  "sprite_type": "normal",
  "OPPSide": true,
  "adjusoff": [
    0,
    0
  ]
}