{
  "image": "costumes/shelter",
  "animations": [
    {
      "anim": "singDOWN",
      "offsets": [
        -12,
        28
      ],
      "fps": 24
    },
    {
      "anim": "singUP",
      "offsets": [
        7,
        123
      ],
      "fps": 24
    },
    {
      "anim": "idle",
      "offsets": [
        6,
        93
      ],
      "fps": 24
    },
    {
      "anim": "singRIGHT",
      "offsets": [
        -10,
        70
      ],
      "fps": 24
    },
    {
      "anim": "singLEFT",
      "offsets": [
        62,
        93
      ],
      "fps": 24
    }
  ]
}