{
  "image": "scarlet/Scarlet_Final",
  "animations": [
    {
      "anim": "idle",
      "offsets": [
        0,
        0
      ],
      "fps": 24
    },
    {
      "anim": "singRIGHT",
      "offsets": [
        -301,
        -2
      ],
      "fps": 24
    },
    {
      "anim": "singDOWN",
      "offsets": [
        -20,
        -160
      ],
      "fps": 24
    },
    {
      "anim": "singLEFT",
      "offsets": [
        -200,
        2
      ],
      "fps": 24
    },
    {
      "anim": "singUP",
      "offsets": [
        -180,
        99
      ],
      "fps": 24
    }
  ],
  "OPPSide": true,
  "adjusoff": [
    0,
    0
  ]
}