{
  "image": "characters/BOYFRIEND_dead",
  "animations": [
    {
      "anim": "idle",
      "offsets": [
        52,
        0
      ],
      "fps": 24
    },
    {
      "anim": "singLEFT",
      "offsets": [
        52,
        0
      ],
      "fps": 24
    },
    {
      "anim": "singDOWN",
      "offsets": [
        52,
        0
      ],
      "fps": 24
    },
    {
      "anim": "singUP",
      "offsets": [
        52,
        0
      ],
      "fps": 24
    },
    {
      "anim": "singRIGHT",
      "offsets": [
        52,
        0
      ],
      "fps": 24
    }
  ],
  "sprite_type": "normal",
  "OPPSide": false,
  "adjusoff": [
    0,
    0
  ]
}