{
  "image": "robo-fever/final",
  "animations": [
    {
      "anim": "idle",
      "offsets": [
        0,
        0
      ],
      "fps": 24
    },
    {
      "anim": "singRIGHT",
      "offsets": [
        -114,
        -64
      ],
      "fps": 24
    },
    {
      "anim": "singDOWN",
      "offsets": [
        -39,
        -259
      ],
      "fps": 24
    },
    {
      "anim": "singLEFT",
      "offsets": [
        356,
        49
      ],
      "fps": 24
    },
    {
      "anim": "singUP",
      "offsets": [
        163,
        52
      ],
      "fps": 24
    }
  ]
}