{
  "image": "fever/perspective",
  "animations": [
    {
      "anim": "singDOWN",
      "offsets": [
        1,
        -14
      ],
      "fps": 24
    },
    {
      "anim": "singUP",
      "offsets": [
        0,
        67
      ],
      "fps": 24
    },
    {
      "anim": "idle",
      "offsets": [
        0,
        0
      ],
      "fps": 24
    },
    {
      "anim": "singRIGHT",
      "offsets": [
        2,
        9
      ],
      "fps": 24
    },
    {
      "anim": "singLEFT",
      "offsets": [
        26,
        9
      ],
      "fps": 24
    }
  ],
  "OPPSide": false,
  "adjusoff": [
    0,
    0
  ]
}