{
  "image": "robo-fever/perspective",
  "animations": [
    {
      "anim": "idle",
      "offsets": [
        0,
        0
      ],
      "fps": 24
    },
    {
      "anim": "singDOWN",
      "offsets": [
        3,
        -29
      ],
      "fps": 24
    },
    {
      "anim": "singRIGHT",
      "offsets": [
        -60,
        -4
      ],
      "fps": 24
    },
    {
      "anim": "singUP",
      "offsets": [
        -13,
        46
      ],
      "fps": 24
    },
    {
      "anim": "singLEFT",
      "offsets": [
        96,
        -1
      ],
      "fps": 24
    }
  ]
}