{
  "image": "characters/etherOLD_reanimated",
  "animations": [
    {
      "anim": "idle",
      "offsets": [
        0,
        0
      ],
      "fps": 29
    },
    {
      "anim": "singLEFT",
      "offsets": [
        66,
        3
      ],
      "fps": 48
    },
    {
      "anim": "singDOWN",
      "offsets": [
        70,
        10
      ],
      "fps": 48
    },
    {
      "anim": "singUP",
      "offsets": [
        0,
        0
      ],
      "fps": 48
    },
    {
      "anim": "singRIGHT",
      "offsets": [
        8,
        0
      ],
      "fps": 48
    }
  ],
  "sprite_type": "normal",
  "OPPSide": true,
  "adjusoff": [
    0,
    0
  ]
}