{
  "image": "characters/unknown",
  "animations": [
    {
      "anim": "idle",
      "offsets": [
        100,
        -10
      ],
      "fps": 24
    },
    {
      "anim": "singLEFT",
      "offsets": [
        370,
        -70
      ],
      "fps": 24
    },
    {
      "anim": "singDOWN",
      "offsets": [
        -40,
        -159
      ],
      "fps": 24
    },
    {
      "anim": "singRIGHT",
      "offsets": [
        -100,
        10
      ],
      "fps": 24
    },
    {
      "anim": "singUP",
      "offsets": [
        -80,
        140
      ],
      "fps": 24
    }
  ],
  "sprite_type": "normal",
  "OPPSide": true,
  "adjusoff": [
    0,
    0
  ]
}