{
  "image": "tea_bat",
  "animations": [
    {
      "anim": "idle",
      "offsets": [
        0,
        0
      ],
      "fps": 24
    },
    {
      "anim": "singDOWN",
      "offsets": [
        8,
        -8
      ],
      "fps": 24
    },
    {
      "anim": "singRIGHT",
      "offsets": [
        -108,
        -6
      ],
      "fps": 24
    },
    {
      "anim": "singUP",
      "offsets": [
        -2,
        17
      ],
      "fps": 24
    },
    {
      "anim": "singLEFT",
      "offsets": [
        22,
        0
      ],
      "fps": 24
    }
  ],
  "OPPSide": true,
  "adjusoff": [
    0,
    0
  ]
}