{
  "image": "characters/KOU_Player_Assets",
  "animations": [
    {
      "anim": "singLEFT",
      "offsets": [
        19,
        -94
      ],
      "fps": 24
    },
    {
      "anim": "singDOWN",
      "offsets": [
        -16,
        -59
      ],
      "fps": 24
    },
    {
      "anim": "singUP",
      "offsets": [
        -21,
        -49
      ],
      "fps": 24
    },
    {
      "anim": "singRIGHT",
      "offsets": [
        -53,
        -49
      ],
      "fps": 24
    },
    {
      "anim": "idle",
      "offsets": [
        -41,
        -40
      ],
      "fps": 24
    }
  ],
  "sprite_type": "normal",
  "OPPSide": false,
  "adjusoff": [
    0,
    0
  ]
}