{
  "image": "robo_fever_assets",
  "animations": [
    {
      "anim": "idle",
      "offsets": [
        0,
        0
      ],
      "fps": 24
    },
    {
      "anim": "singDOWN",
      "offsets": [
        82,
        -79
      ],
      "fps": 24
    },
    {
      "anim": "singRIGHT",
      "offsets": [
        14,
        -13
      ],
      "fps": 24
    },
    {
      "anim": "singUP",
      "offsets": [
        31,
        45
      ],
      "fps": 24
    },
    {
      "anim": "singLEFT",
      "offsets": [
        96,
        -1
      ],
      "fps": 24
    }
  ]
}