{
  "image": "paste/paste",
  "animations": [
    {
      "anim": "idle",
      "offsets": [
        0,
        0
      ],
      "fps": 24
    },
    {
      "anim": "singDOWN",
      "offsets": [
        4,
        2
      ],
      "fps": 24
    },
    {
      "anim": "singRIGHT",
      "offsets": [
        0,
        6
      ],
      "fps": 24
    },
    {
      "anim": "singUP",
      "offsets": [
        4,
        29
      ],
      "fps": 24
    },
    {
      "anim": "singLEFT",
      "offsets": [
        2,
        0
      ],
      "fps": 24
    }
  ],
  "OPPSide": true,
  "adjusoff": [
    0,
    0
  ]
}