{
  "image": "characters/SayoHappyThoughts_Assets",
  "animations": [
    {
      "anim": "idle",
      "offsets": [
        1,
        0
      ],
      "fps": 24
    },
    {
      "anim": "singUP",
      "offsets": [
        10,
        8
      ],
      "fps": 24
    },
    {
      "anim": "singLEFT",
      "offsets": [
        28,
        8
      ],
      "fps": 24
    },
    {
      "anim": "singRIGHT",
      "offsets": [
        11,
        3
      ],
      "fps": 24
    },
    {
      "anim": "singDOWN",
      "offsets": [
        -3,
        31
      ],
      "fps": 24
    }
  ],
  "sprite_type": "normal",
  "OPPSide": true,
  "adjusoff": [
    0,
    0
  ]
}